sample,AGE,Gen,SDR GA,LDR GA,LDR-SDR,London_GeneralAccuracy,time_taken,derived
2,65-69,A,0.5,0.13,-0.37,0.3125,3107,YES
6,50-54,A,0.44,0.31,-0.13,0.6875,38,YES
9,75-79,A,0.44,0.19,-0.25,0.3125,613,YES
21,65-69,A,0.44,0.44,0,0.3125,454,YES
29,65-69,A,0.31,0.06,-0.25,0.5,529,YES
35,65-69,A,0.31,0.25,-0.06,0.6875,49,YES
36,75-79,A,0.19,0,-0.19,0.0625,616,YES
42,50-54,A,0.44,0.31,-0.13,0.4375,465,YES
45,60-64,A,0.25,0.31,0.06,0.5,1315,YES
68,65-69,A,0.38,0.31,-0.06,0.5625,49,YES
70,60-64,A,0.44,0.38,-0.06,0,647,YES
72,65-69,A,0.19,0.13,-0.06,0.25,511,YES
73,65-69,A,0.38,0.19,-0.19,0.3125,82,YES
75,55-59,A,0.25,0.25,0,0.4375,3256,YES
78,60-64,A,0,0.13,0.13,0.125,536,YES
11,70-74,AA,0.44,0.38,-0.06,0.5,518,YES
14,65-69,AA,0.44,0.31,-0.13,0.5,521,YES
15,65-69,AA,0.25,0.19,-0.06,0.1875,1331,YES
18,60-64,AA,0.38,0.25,-0.13,0.4375,55,YES
22,65-69,AA,0.38,0.13,-0.25,0,103,YES
24,55-59,AA,0.56,0.44,-0.13,0.4375,421,YES
26,65-69,AA,0.69,0.5,-0.19,0.375,518,YES
31,65-69,AA,0.44,0.44,0,0.4375,487,YES
33,75-79,AA,0.38,0.19,-0.19,0.5,984,YES
43,50-54,AA,0.44,0.38,-0.06,0.4375,1841,YES
44,55-59,AA,0.56,0.06,-0.5,0.375,569,YES
46,60-64,AA,0.31,0.31,0,0,664,YES
48,55-59,AA,0.5,0,-0.5,0.4375,548,YES
49,60-64,AA,0.38,0.31,-0.06,0.625,532,YES
53,60-64,AA,0.5,0.44,-0.06,0,49,YES
54,60-64,AA,0.44,0.06,-0.38,0,382,YES
56,65-69,AA,0.19,0.19,0,0.5625,448,YES
57,65-69,AA,0.44,0.31,-0.13,0,408,YES
60,70-74,AA,0.25,0.13,-0.13,0.4375,547,YES
62,50-54,AA,0.13,0.19,0.06,0.3125,503,YES
63,55-59,AA,0.38,0.38,0,0.5,418,YES
67,60-64,AA,0.81,0.69,-0.13,0.4375,589,YES
69,55-59,AA,0.56,0.38,-0.19,0.3125,1782,YES
71,75-79,AA,0.56,0.38,-0.19,0.6875,644,YES
74,60-64,AA,0.63,0.81,0.19,0,469,YES
76,60-64,AA,0.44,0.38,-0.06,0.625,588,YES
77,50-54,AA,0.44,0.06,-0.38,0.5,809,YES
80,55-59,AA,0.44,0.25,-0.19,0.4375,74,YES
82,60-64,AA,0.44,0.06,-0.38,0.0625,479,YES
3,55-59,CA,0.5,0.44,-0.06,0.125,591,YES
10,65-69,CA,0.69,0.44,-0.25,0.6875,572,YES
23,75-79,CA,0.44,0.19,-0.25,0.125,517,YES
27,60-64,CA,0.44,0.63,0.19,0.375,46,YES
39,60-64,CA,0.13,0,-0.13,0.125,747,YES
50,65-69,CA,0.25,0.31,0.06,0,555,YES
51,65-69,CA,0.38,0.13,-0.25,0.1875,724,YES
52,70-74,CA,0.13,0.13,0,0.5,36,YES
55,60-64,CA,0.56,0.31,-0.25,0.5,970,YES
61,65-69,CA,0.31,0.31,0,0.4375,61,YES
66,60-64,CA,0.38,0,-0.38,0.375,482,YES
81,65-69,CA,0.56,0.5,-0.06,0.6875,616,YES
12,70-74,C,0.38,0.38,0,0.5,143,NO
13,70-74,C,0.19,0.13,-0.06,0,477,NO
16,65-69,C,0.5,0,-0.5,0.25,45,NO
32,60-64,C,0.38,0.31,-0.06,0.375,450,NO
40,75-79,C,0.25,0,-0.25,0.125,455,NO
59,65-69,C,0.31,0.38,0.06,0,552,NO
79,60-64,C,0.19,0.13,-0.06,0.4375,592,NO
30,70-74,C,0.38,0.25,-0.13,0.5,439,NO
59,65-69,C,0.31,0.38,0.06,0,552,NO
17,60-64,CC,0.19,0,-0.19,0.3125,937,NO
28,70-74,CC,0.5,0.44,-0.06,0.5,511,NO
37,55-59,CC,0,0,0,0.1875,926,NO
38,70-74,CC,0,0.13,0.13,0.25,738,NO
58,60-64,CC,0.5,0.25,-0.25,0.5,175,NO
65,55-59,CC,0.44,0.44,0,0.625,640,NO